start;end;description
0;0;No secondary ancesetry
1;99;WESTERN EUROPE (EXCEPT SPAIN)
1;1;ALSATIAN
1;1;Alsace Lorraine
2;2;ANDORRAN
2;2;Andorra
3;4;AUSTRIAN
3;3;AUSTRIAN
3;3;Austria
4;4;TIROL
4;4;Tirol
5;7;BASQUE
5;5;BASQUE
5;5;Euskalduna
5;5;Euzkadi
6;6;FRENCH BASQUE
7;7;SPANISH BASQUE
7;7;Vasco
8;10;BELGIAN
8;8;BELGIAN
8;8;Belgium
9;9;FLEMISH
9;9;Flanders
9;9;Fleming
9;9;Vlamand
10;10;WALLOON
11;14;BRITISH
11;11;BRITISH
11;11;Great Britain
11;11;United Kingdom
12;12;BRITISH ISLES
13;13;CHANNEL ISLANDER
13;13;Guernsey Islander
13;13;Jersey Islander
14;14;GIBRALTAR
15;15;CORNISH
15;15;Cornwall
16;16;CORSICAN
16;16;Corsica
17;19;CYPRIOT
17;17;CYPRIOT
17;17;Cyprus
18;18;GREEK CYPRIOTE
19;19;TURKISH CYPRIOTE
20;20;DANISH
20;20;Denmark
21;21;DUTCH
21;21;Holland
21;21;Netherlands
22;22;ENGLISH
22;22;Anglican
22;22;England
22;22;Mayflower
23;23;FAEROE ISLANDER
23;23;Faeroe Islands
24;25;FINNISH
24;24;FINNISH
24;24;Finland
25;25;KARELIAN
26;27;FRENCH
26;26;FRENCH
26;26;France
26;26;Gascon
26;26;Hugenot
26;26;Normandy
27;27;LORRAINE
28;28;BRETON
28;28;Breizh
28;28;Bretagne
28;28;Brittany
29;29;FRISIAN
29;29;Friesian Islands
30;31;FRIULIAN
30;30;FRIULIAN
30;30;Friuli
30;30;Furlan
31;31;LADIN
32;45;GERMAN
32;32;GERMAN
32;32;Germany
33;33;BAVARIA
34;34;BERLIN
35;35;HAMBURG
36;36;HANNOVER
37;37;HESSIAN
38;38;LUBECKER
39;39;POMERANIAN
40;40;PRUSSIAN
41;41;SAXON
42;42;SUDETENLANDER
43;43;WESTPHALIAN
44;44;EAST GERMAN
45;45;WEST GERMAN
45;45;Palatinate
45;45;Rhineland
46;48;GREEK
46;46;GREEK
46;46;Greece
47;47;CRETAN
48;48;CYCLADES
48;48;Dodecanese Islander
48;48;Peloponnesian
49;49;ICELANDER
49;49;Iceland
50;50;IRISH
50;50;Black Irish
50;50;Clare
50;50;Cork
50;50;Donegal
50;50;Dubliner
50;50;Eire
50;50;Galway
50;50;Ireland
50;50;Irish Free State
50;50;Kerry
50;50;Kildare
50;50;Kilkenny
50;50;Laoighis
50;50;Leitrim
50;50;Leix
50;50;Limerick
50;50;Longford
50;50;Louth
50;50;Mayo
50;50;Meath
50;50;Monaghan
50;50;Offaly
50;50;Roscommon
50;50;Sligo
50;50;Tipperary
50;50;Waterford
50;50;Westmeath
50;50;Wexford
50;50;Wicklow
51;74;ITALIAN
51;51;ITALIAN
51;51;Istria
51;51;Italy
52;52;TRIESTE
53;53;ABRUZZI
54;54;APULIAN
54;54;Apulia
55;55;BASILICATA
55;55;Lucania
56;56;CALABRIAN
57;57;AMALFIN
57;57;Campania
58;58;EMILIA ROMAGNA
59;59;ROME
59;59;Lazio
59;59;Vatican City
60;60;LIGURIAN
61;61;LOMBARDIAN
62;62;MARCHE
63;63;MOLISE
64;64;NEAPOLITAN
65;65;PIEDMONTESE
66;66;PUGLIA
67;67;SARDINIAN
68;68;SICILIAN
68;68;Sicily
69;69;TOSCANA
69;69;Tuscany
70;70;TRENTINO
71;71;UMBRIAN
72;72;VALLE DAOST
73;73;VENETIAN
73;73;Venezia Giulia
74;74;SAN MARINO
75;75;LAPP
75;75;Lapland
75;75;Samelat
76;76;LIECHTENSTEINER
76;76;Liechtenstein
77;77;LUXEMBURGER
77;77;Luxemburg
78;78;MALTESE
78;78;Gozo
78;78;Malta
79;79;MANX
79;79;Isle of Man
80;80;MONEGASQUE
80;80;Monaco
81;81;NORTH IRISH
81;81;Antrim
81;81;Armagh
81;81;Derry
81;81;Down
81;81;Fermanagh
81;81;Londonderry
81;81;Northern Ireland
81;81;Orangeman
81;81;Tyrone
81;81;Ulster
82;82;NORWEGIAN
82;82;Jan Meyen Islander
82;82;Norway
82;82;Spitsbergen
82;82;Svalbard Islander
83;83;OCCITAN
83;83;Provence
84;86;PORTUGUESE
84;84;PORTUGUESE
84;84;Lusitania
84;84;Luso
84;84;Portugal
85;85;AZORES ISLANDER
86;86;MADEIRA ISLANDER
87;87;SCOTCH-IRISH
87;87;Scot-Irish
88;88;SCOTTISH
88;88;Orkney Islander
88;88;Pict
88;88;Scot
88;88;Scotland
88;88;Shetland Islander
89;90;SWEDISH
89;89;SWEDISH
89;89;Sweden
90;90;ALAND ISLANDER
91;96;SWISS
91;91;SWISS
91;91;Switzerland
92;92;SUISSE
93;94;Schweiz
93;93;SWITZER
95;95;ROMANSCH
96;96;SUISSE ROMANE
96;96;Ticino
97;97;WELSH
97;97;Wales
98;98;SCANDINAVIAN
98;98;Nordic
98;98;Scandinavia
99;99;CELTIC
99;99;Celtic
100;180;EASTERN EUROPE AND SOVIET UNION
100;100;ALBANIAN
100;100;Albania
100;100;Arberesh
100;100;Gheg
100;100;Italo Albanian
100;100;Kossovo
100;100;Tosc
101;101;AZERBAIJANI
101;101;Adjerbaijani
101;101;Azerbaidzhan
101;101;Azeri
102;102;BELORUSSIAN
102;102;Byelorussian
103;103;BULGARIAN
103;103;Bulgaria
103;103;Bulgaro Macedonian
103;103;Eastern Rumelian
104;105;CARPATHO RUSYN
104;104;CARPATHO RUSYN
104;104;Carpatho Rus
104;104;Carpatho Russian
104;104;Carpatho Ruthenian
105;105;CARPATHIAN
106;106;RUSYN
106;106;Rus
106;106;Rusin
106;106;Rusnak
107;107;RUTHENIAN
107;107;Ruthenia
108;108;COSSACK
108;108;Don Cossack
108;108;Orenburg Cossack
108;108;Terek Cossack
108;108;Ural Cossack
109;110;CROATIAN
109;110;Zadar
109;109;Croatia
109;109;Dalmatian
111;113;CZECH
111;111;CZECH
112;112;BOHEMIAN
113;113;MORAVIAN
114;114;CZECHOSLOVAKIAN
114;114;Czechoslovakia
114;114;Tczechoslovakia
115;116;ESTONIAN
115;115;ESTONIAN
115;115;Estonia
116;116;LIVONIAN
117;119;FINNO UGRIAN
117;117;FINNO UGRIAN
117;117;Komi
117;117;Mari
117;117;Udmurt
118;118;MORDOVIAN
119;119;VOYTAK
120;121;GRUZIIA
120;121;Gruzinets
122;123;GERMAN FROM RUSSIA
122;122;GERMAN FROM RUSSIA
123;123;VOLGA
123;123;Black Sea German
123;123;Volhynian German
124;124;ROM
124;124;Boyash
124;124;Cali
124;124;Dom
124;124;Gitanos
124;124;Gypsy
124;124;Kalderash
124;124;Luri
124;124;Manouche
124;124;Nat
124;124;Romnichal
124;124;Senti
124;124;Xoraxaya
125;126;HUNGARIAN
125;125;HUNGARIAN
125;125;Hungary
125;125;Szekler
126;126;MAGYAR
127;127;KALMYK
127;127;Kalmuck
128;128;LATVIAN
128;128;Latvia
128;128;Lettish
129;129;LITHUANIAN
129;129;Jmoud
129;129;Lithuania
130;130;MACEDONIAN
130;130;Macedonia
130;130;Slavophone
131;131;MONTENEGRIN
131;131;Orna Gora
132;141;NORTH CAUCASIAN
132;132;NORTH CAUCASIAN
132;132;Abkhazian
132;132;Adyge
132;132;Avar
132;132;Caucasus Mountains
132;132;Chechen
132;132;Daghestan
132;132;Darghinian
132;132;Gortsy
132;132;Ingush
132;132;Kabardinian
132;132;Lezghian
132;132;Tavlintsy
133;139;Kumyk
133;133;NORTH CAUCASIAN TURKIC
133;133;Adzharian
133;133;Balkar
133;133;Cherkess
133;133;Circassian
133;133;Karachay
140;141;OSSETIAN
142;143;POLISH
142;142;POLISH
142;142;Gorali
142;142;Masurian
142;142;Poland
142;142;Polonia
142;142;Polska
143;143;KASHUBIAN
144;147;ROMANIAN
144;144;ROMANIAN
144;144;Romania
144;144;Transylvania
145;145;BESSARABIAN
145;145;Dobruja
146;146;MOLDAVIAN
147;147;WALLACHIAN
147;147;Vlach
148;151;RUSSIAN
148;149;Russia
148;148;RUSSIAN
148;148;Black Russian
148;148;Great Russian
148;148;Red Russian
148;148;Rossiya
150;151;MUSCOVITE
152;152;SERBIAN
152;152;Serb
153;153;SLOVAK
153;153;Slovakian
153;153;Slovjak
154;155;SLOVENE
154;154;SLOVENE
154;154;Slovenc
154;154;Slovenian
154;154;Slovenski
155;155;SORBIAN/WEND
155;155;Lusatian Serb
155;155;Sorb
155;155;Wend
155;155;Wendish
156;163;SOVIET TURKIC
156;156;SOVIET TURKIC
156;156;Soviet Turk
157;157;BASHKIR
158;158;CHUVASH
159;159;GAGAUZ
160;160;MESKNETIAN
161;162;TUVINIAN
163;163;YAKUT
164;164;SOVIET UNION
164;164;Union of Soviet Socialist Republics
165;167;TATAR
165;166;Volga Tatar
165;165;TATAR
165;165;Crimean Tatar
165;165;Kazan Tatar
165;165;Nogay Tatar
165;165;Polish Tatar
167;167;SOVIET CENTRAL ASIA
167;167;Kurile Islander
167;167;Sakhalin Islander
167;167;Siberian
168;170;TURKESTANI
168;168;TURKESTANI
168;168;Karakalpak
168;168;Kazak
168;168;Kirghiz
168;168;Tadzhik
168;168;Turcoman
168;168;Turkestani
168;168;Turkmen
168;168;Turkoman
168;168;Uiger
169;170;UZBEG
171;174;UKRAINIAN
171;171;UKRANIAN
171;171;Little Russian
171;171;Malo Russian
171;171;Ukraine
172;172;LEMKO
172;172;Lemkian
173;173;BIOKO
174;174;HUSEL
175;175;WINDISH
175;175;Prekmurje
175;175;Windisch
176;177;YUGOSLAVIAN
176;176;YUGOSLAVIAN
176;176;Jugoslavia
177;177;HERZEGOVINIAN
177;177;Bosanci
177;177;Bosnian Muslim
177;177;Bosnjaci
178;180;SLAVIC
178;178;SLAVIC
178;178;Slav
179;180;SLAVONIAN
181;199;EUROPE, N.E.C.
181;182;Middle European
181;181;EUROPE, N.E.C.
181;181;Central European
183;184;North Europe
183;183;NORTHERN EUROPEAN
185;186;South Europe
185;185;SOUTHERN EUROPEAN
187;189;West Europe
187;187;WESTERN EUROPEAN
190;190;EASTERN EUROPEAN
190;190;Byzantine
190;190;East Europe
191;192;BUKOVINA
193;194;SILESIAN
195;195;EUROPEAN
196;199;Galicia
196;196;GALICIAN
200;299;HISPANIC CATEGORIES (INCLUDING SPAIN)
200;203;SPANIARD
200;200;SPANIARD
200;200;Espanola
200;200;Iberian
200;200;Spain
201;201;ANDALUSIAN
202;202;ASTURIAN
203;203;CASTILLIAN
204;209;CATALONIAN
204;204;CATALONIAN
204;204;Catalonia
205;205;BALEARIC ISLANDER
205;205;Mallorca
206;206;GALLEGO
207;207;VALENCIAN
208;209;CANARY ISLANDER
210;218;MEXICAN
210;210;MEXICAN
211;211;MEXICAN AMERICAN
212;212;MEXICANO
213;213;CHICANO
214;217;LA RAZA
218;218;MEXICAN STATE
218;218;Aguascalientes
218;218;Baja California
218;218;Campeche
218;218;Chiapas
218;218;Chihuahua
218;218;Coahuila
218;218;Colima
218;218;Distrito Federal
218;218;Durango
218;218;Guanajuato
218;218;Guerrero
218;218;Hidalgo
218;218;Jalisco
218;218;Mexico
218;218;Michoacan
218;218;Morelos
218;218;Nayarit
218;218;Nuevo Leon
218;218;Oaxaca
218;218;Puebla
218;218;Queretaro
218;218;Quintana Roo
218;218;San Luis Potosi
218;218;Sinaloa
218;218;Sonora
218;218;Tabasco
218;218;Tamaulipas
218;218;Tlaxcala
218;218;Vera Cruz
218;218;Yucatan
218;218;Zacatecas
219;221;COSTA RICAN
219;221;Costarricense
219;219;Costa Rica
222;222;GUATEMALAN
222;222;Guatemala
223;223;HONDURAN
223;223;Honduras
224;224;NICARAGUAN
224;224;Nicaragua
225;225;PANAMANIAN
225;225;Panama
226;226;SALVADORAN
226;226;El Salvador
226;226;Salvadorian
227;228;CENTRAL AMERICAN
227;228;Central America
229;230;CANAL ZONE
231;231;ARGENTINEAN
231;231;Argentine
232;232;BOLIVIAN
232;232;Bolivia
233;233;CHILEAN
233;233;Chile
234;234;COLOMBIAN
234;234;Antiochio
234;234;Colombia
235;235;ECUADORIAN
235;235;Ecuador
235;235;Galapagos Islander
236;236;PARAGUAYAN
236;236;Paraguay
237;237;PERUVIAN
237;237;Peru
238;238;URUGUAYAN
238;238;Uruguay
239;239;VENEZUELAN
239;239;Venezuela
240;248;CRIOLLO
240;248;Criolla
249;249;SOUTH AMERICAN
249;249;America Del Sur
249;249;Sudamerica
250;260;LATIN AMERICAN
250;250;LATIN AMERICAN
250;250;America Latina
250;250;Latinoamericana
251;251;LATIN
252;260;LATINO
261;270;PUERTO RICAN
261;270;Puertorriqueno
261;261;Boricua
261;261;Borinquena
261;261;New York Puerto Rican
261;261;Puerto Rico
271;274;CUBAN
271;274;Guajiro
271;271;Cuba
271;271;Cubana
275;275;DOMINICAN
275;275;Dominican Republic
275;275;Dominicana
275;275;Santo Domingo
276;290;HISPANIC
276;290;Hispano
291;299;SPANISH
292;292;CALIFORNIO
293;293;TEJANO
293;293;Tejana
294;294;NUEVO MEXICANO
295;299;SPANISH AMERICAN
300;359;WEST INDIES (EXCEPT HISPANIC)
300;300;BAHAMIAN
300;300;Bahamas
301;301;BARBADIAN
301;301;Barbados
302;302;BELIZEAN
302;302;Belize
302;302;British Honduran
303;303;BERMUDAN
303;303;Bermuda
304;307;CAYMAN ISLANDER
308;309;JAMAICAN
308;309;Jamaica
310;313;DUTCH WEST INDIES
310;310;DUTCH WEST INDIES
310;310;Black Dutch
310;310;Netherlands Antilles
311;311;ARUBA ISLANDER
311;311;Bonaire Islander
311;311;Curacao Islander
312;313;ST. MAARTEN ISLANDER
312;313;St. Eustatius Islander
312;312;Saba Islander
314;316;TRINIDADIAN TOBAGONIAN
314;314;TRINIDADIAN TOBAGONIAN
315;315;TRINIDADIAN
316;316;TOBAGONIAN
317;320;U.S. VIRGIN ISLANDER
317;317;U.S. VIRGIN ISLANDER
318;318;ST. CROIX ISLANDER
318;318;Crucian
318;318;Santa Cruz
319;319;ST. JOHN ISLANDER
320;320;ST. THOMAS ISLANDER
321;331;BRITISH WEST INDIES
321;321;BRITISH VIRGIN ISLANDER
321;321;Tortolan
321;321;Virgin Gorda
321;321;Anegada
321;321;Jost Van Dyke
321;321;Peter and Norman
322;322;BRITISH WEST INDIAN
322;322;British West Indies
323;323;TURKS AND CAICOS ISLANDER
324;324;ANGUILLA ISLANDER
325;325;ANTIGUA AND BARBUDA
325;325;Antigua
325;325;Barbuda
325;325;Redonda Islander
326;326;MONTSERRAT ISLANDER
327;327;KITTS-NEVIS ISLANDER
327;327;St. Christopoher Islander
327;327;Sombrero Islander
327;327;St. Kitts
327;327;Nevis
328;328;DOMINICA ISLANDER
329;329;GRENADIAN
329;329;Grenada Islander
330;330;VINCENT-GRENADINE ISLANDER
330;330;St. Vincent Island
330;330;Vincentian
330;330;Grenadines Islander
331;331;ST. LUCIA ISLANDER
332;334;FRENCH WEST INDIES
332;332;FRENCH WEST INDIES
332;332;French West Indian
333;333;GUADELOUPE ISLANDER
333;333;Martinicois
333;333;Martinique Islander
334;334;CAYENNE
334;334;French Guiana
334;334;French Guianese
334;334;Guyane
335;335;WEST INDIAN
335;335;West Indies
335;335;Arawak
335;335;Caribs
335;335;Caribbean
335;335;Garifuna
336;359;HAITIAN
336;359;Haiti
360;399;CENTRAL AND SOUTH AMERICA (EXCEPT HISPANIC)
360;364;BRAZILIAN
360;364;Brazil
365;369;SAN ANDRES
370;374;GUYANESE
370;374;Guyana
370;370;British Guiana
375;379;PROVIDENCIA
380;399;SURINAM
380;399;Netherlands Guiana
380;380;Dutch Guiana
400;499;NORTH AFRICA AND SOUTHWEST ASIA
400;401;ALGERIAN
400;401;Algeria
402;403;EGYPTIAN
402;403;Fellahin
402;402;Copt
402;402;Egypt
404;405;LIBYAN
404;405;Libya
406;407;MOROCCAN
406;406;MOROCCAN
406;406;Moor
407;407;IFNI
408;410;TUNISIAN
408;410;Tunisia
411;411;NORTH AFRICAN
412;412;ALHUCEMAS
412;412;Ceuta
412;412;Chafarinas
412;412;Melilla
413;413;BERBER
414;414;RIO DE ORO
414;414;Saguia El Hamra
415;415;BAHRAINI
415;415;Bahrain
416;416;IRANIAN
416;416;Iran
416;416;Parsi
416;416;Persia
417;418;IRAQI
417;418;Iraq
419;420;ISRAELI
419;420;Israel
421;422;JORDANIAN
421;421;JORDANIAN
421;421;Hashemite
421;421;Jordan
422;422;TRANSJORDAN
423;424;KUWAITI
423;424;Kuwait
425;426;LEBANESE
425;426;Maronite
425;425;Lebanon
427;428;SAUDI ARABIAN
427;428;Saudi Arabia
429;430;SYRIAN
429;430;Syria
429;429;Djebel Druze
429;429;Latakia
431;433;ARMENIAN
431;433;Armenia
434;434;TURKISH
434;434;Turkey
435;435;YEMENI
435;435;Yemen Arab Republic
436;441;OMANI
436;436;OMANI
437;437;MUSCAT
438;438;TRUCIAL STATES
438;438;Trucial Oman
439;440;QATAR
441;441;BEDOUIN
442;464;KURDISH
442;443;KURDISH
444;464;KURIA MURIA ISLANDER
465;469;PALESTINIAN
465;465;PALESTINIAN
466;466;GAZA STRIP
467;469;WEST BANK
470;479;SOUTH YEMEN
470;470;SOUTH YEMEN
470;470;Democratic Republic of Yemen
471;479;ADEN
480;481;UNITED ARAB EMIRATES
480;481;Umm Al Qaiwain
480;480;Abu Dhabi
480;480;Ajman
480;480;Dubai
480;480;Fujairah
480;480;Ras Al Kaimah
480;480;Sharjah
482;489;ASSYRIAN
482;489;Telkeffee
482;482;Aramean
482;482;Assyria
482;482;Chaldean
482;482;Chaldo
482;482;Jacobite
482;482;Kaldany
482;482;Kaldu
482;482;Kasddem
482;482;Kasdu
482;482;Nestorian
490;494;MIDEAST
490;494;Middle Eastern
495;499;ARAB
495;495;ARAB
495;495;Arabia
496;499;ARABIC
500;599;SUBSAHARAN AFRICA
500;501;ANGOLAN
500;501;Cabinda
500;500;Angola
502;503;BENIN
502;503;Fon
502;502;Dahomey
504;505;BOTSWANA
504;505;Bechuana
506;507;BURUNDIAN
506;507;Urundi
508;509;CAMEROONIAN
508;509;Fako
508;508;Cameroon
510;511;CAPE VERDEAN
510;511;Cape Verde Islander
510;510;Brava
512;512;CENTRAL AFRICAN REPUBLIC
512;512;Ubangi Shari
513;514;CHADIAN
513;514;Chad
515;518;CONGOLESE
515;515;CONGOLESE
516;518;CONGO BRAZZAVILLE
519;519;DJIBOUTI
519;519;Afars And Issas
519;519;Jibuti
520;521;EQUATORIAL GUINEA
520;520;EQUATORIAL GUINEA
520;520;Rio Muni
521;521;CORSICO ISLANDER
521;521;Annobon Islander
521;521;Bioko Islander
521;521;Elobeis Islander
521;521;Fernando Po Islander
522;524;ETHIOPIAN
522;522;ETHIOPIAN
522;522;Abyssinia
522;522;Ethiopia
523;524;ERITREAN
525;526;GABONESE
525;526;Gabon
527;528;GAMBIAN
527;528;Gambia
529;529;GHANIAN
529;529;Ashanti
529;529;Ghana
529;529;Gold Coast
529;529;TWI
530;530;GUINEAN
530;530;Guinea
531;531;GUINEA BISSAU
532;533;IVORY COAST
534;537;KENYAN
534;537;Kenya
538;540;LESOTHO
538;540;Basuto
541;542;LIBERIAN
541;542;Liberia
543;544;MADAGASCAN
543;544;Madagascar
545;545;MALAWIAN
545;545;Malawi
546;546;MALIAN
546;546;Mali
547;548;MAURITANIAN
547;548;Mauritania
549;549;MOZAMBICAN
549;549;Mozambique
550;550;NAMIBIAN
550;550;Namibia
551;552;NIGER
553;560;NIGERIAN
553;553;NIGERIAN
553;553;Nigeria
554;554;FULAH
554;554;Fulani
555;555;HAUSA
556;556;IBO
557;557;TIV
558;560;YORUBA
561;563;RWANDAN
561;563;Rwanda
564;565;SENEGALESE
564;565;Senegal
564;564;Dakar
566;567;SIERRA LEONEAN
566;567;Sierra Leone
568;568;SOMALIAN
568;568;Somali Republic
568;568;Somalia
569;569;SWAZILAND
570;573;SOUTH AFRICAN
570;570;SOUTH AFRICAN
571;571;UNION OF SOUTH AFRICA
571;571;Orange Free State
571;571;Pretoria
571;571;Transkei
571;571;Transvaal
572;572;AFRIKANER
572;572;Boer
573;573;NATALIAN
574;575;ZULU
574;575;Zululand
576;581;SUDANESE
576;576;SUDANESE
576;576;Sudan
577;577;DINKA
578;578;NUER
579;579;FUR
579;579;Darfur
580;581;BAGGARA
582;585;TANZANIAN
582;582;TANZANIAN
582;582;Tanzania
583;583;TANGANYIKAN
584;585;ZANZIBAR ISLANDER
586;587;TOGO
586;587;Togoland
588;588;UGANDAN
588;588;Lugbara
588;588;Uganda
589;590;UPPER VOLTAN
589;589;UPPER VOLTAN
590;590;VOLTA
591;591;ZAIRIAN
591;591;Belgian Congo
591;591;Congo Kinshasa
591;591;Zaire
592;592;ZAMBIAN
592;592;Zambia
593;593;ZIMBABWEAN
593;593;Rhodesia
593;593;Zimbabwe
594;595;AFRICA ISLANDS (EXCEPT MADAGASCAR)
594;594;AFRICA ISLANDS
594;594;Comoros Islander
594;594;Principe Islander
594;594;Reunion Islander
594;594;Sao Tome Islander
594;594;Seychelles Islander
594;594;St. Helena Islander
594;594;St. Pierre Islander
594;594;Tristan De Cunha Islander
595;595;MAURITIAN
595;595;Mauritius Islander
596;599;SUBSAHARAN AFRICAN, N.E.C.
596;596;CENTRAL AFRICAN
596;596;Central Africa
596;596;Middle Congo
597;597;EAST AFRICAN
597;597;East Africa
597;597;Galla
597;597;Kikuyu
597;597;Masai
598;598;WEST AFRICAN
598;598;West Africa
599;599;AFRICAN
599;599;Africa
600;699;SOUTH ASIA
600;602;AFGHANISTAN
600;600;AFGHANISTAN
601;601;BALUCHISTAN
602;602;PATHAN
603;606;BANGLADESHI
603;606;East Pakistan
603;603;Bangladesh
607;608;BHUTANESE
607;608;Bhotan
609;614;NEPALI
609;614;Nepal
615;679;ASIAN INDIAN
615;615;ASIAN INDIAN
615;615;Behar
615;615;Dravidian
615;615;Hindu
615;615;Indo Aryan
615;615;Sikh
616;617;KASHMIR
618;619;BENGALI
620;621;EAST INDIAN
622;623;Nocobar Islander
622;622;ANDAMAN ISLANDER
624;625;ANDHRA PRADESH
626;627;ASSAMESE
628;629;GOANESE
630;631;GUJARATI
632;633;KARNATAKAN
634;635;KERALAN
636;637;MADHYA PRADESH
638;639;MAHARASHTRAN
640;641;MADRAS
642;643;MYSORE
644;645;NAGALAND
646;647;ORISSA
648;649;PONDICHERRY
650;651;PUNJAB
652;653;RAJASTHAN
654;655;SIKKIM
656;657;TAMIL NADU
658;674;UTTAR PRADESH
675;679;EAST INDIES
680;689;PAKISTANI
680;689;West Pakistan
680;680;Jammu
680;680;Pakistan
680;680;Sind
690;694;SRI LANKAN
690;690;SRI LANKAN
690;690;Ceylon
690;690;Sri Lanka
691;691;SINGHALESE
692;694;VEDDAH
695;699;MALDIVIAN
695;699;Maldive Islander
695;695;Kampuchean
700;799;OTHER ASIA
700;702;BURMESE
700;701;Palaung
700;700;BURMESE
700;700;Cachin
700;700;Karen
700;700;Mon
702;702;SHAN
703;705;CAMBODIAN
703;703;CAMBODIAN
703;703;Cambodia
703;703;Kampuchea
704;705;KHMER
706;711;CHINESE
706;706;CHINESE
706;706;China
706;706;Jehol
706;706;Sino Chinese
706;706;Yao
707;707;CANTONESE
708;708;MANCHURIA
709;711;MANDARIN
712;713;MONGOLIAN
712;713;Mongolia
712;712;Buriat
714;715;TIBETAN
714;715;Tibet
716;717;HONG KONG
716;717;Riau Islander
716;716;Hong Kong Chinese
716;716;Eastern Archipelago
718;719;MACAO
720;729;FILIPINO
720;729;Tagalog
720;720;Cebuanos
720;720;Philippines
730;739;INDONESIAN
730;731;Sulawesi Islander
730;730;INDONESIAN
730;730;Ascension Islander
730;730;Bangka
730;730;Billiton
730;730;Celebes Islander
730;730;Dutch East Indian
730;730;Indonesia
730;730;Molucca Islander
730;730;Portuguese Timor
730;730;Spice Islander
732;733;BORNEO
734;735;JAVA
736;739;SUMATRA
740;745;JAPANESE
740;740;JAPANESE
740;740;Japan
740;740;Nipponese
741;741;ISSEI
742;742;NISEI
743;743;SANSEI
744;744;YONSEI
745;745;GONSEI
746;747;RYUKYU ISLANDER
746;747;Northern Ryukyu Islander
748;749;OKINAWAN
748;749;Okinawa
750;764;KOREAN
750;764;Korea
750;750;Chosen
765;767;LAOTIAN
765;765;LAOTIAN
765;765;Lao
765;765;Laos
766;767;MEO
768;769;HMONG
768;769;Mong
768;768;Hmongtana
768;768;Laohmong
770;770;MALAYSIAN
770;770;Malaysia
770;770;Sakai
770;770;Semang
770;770;Senoi
771;773;NORTH BORNEO
771;773;Sarawak
771;771;Brunei
771;771;Sabah
774;775;SINGAPOREAN
774;775;Singapore
776;781;THAI
776;776;THAI
776;776;Siam
776;776;Thailand
777;777;BLACK THAI
777;777;Thai Dam
778;781;WESTERN LAO
782;782;TAIWANESE
782;782;Taiwan
783;784;FORMOSAN
783;784;Formosa
785;789;VIETNAMESE
785;785;VIETNAMESE
785;785;Anam
785;785;Vietnam
786;786;KATU
787;787;MA
788;789;MNONG
790;791;MONTAGNARD
790;791;Cham
792;792;INDO CHINESE
792;792;Indochina
793;793;EURASIAN
793;793;Indoeuropean
794;794;AMERASIAN
795;799;ASIAN
795;799;Orient
795;795;Asia
800;899;PACIFIC
800;802;AUSTRALIAN
800;800;AUSTRALIAN
800;800;Australia
800;800;New South Wales
800;800;Northern Territory
800;800;Queensland
800;800;Victoria
801;801;TASMANIAN
802;802;AUSTRALIAN ABORIGINE
803;807;NEW ZEALANDER
803;807;New Zealand
808;810;POLYNESIAN
808;808;POLYNESIAN
808;808;Norfolk Islander
809;809;KAPINGAMARANGAN
809;809;Nukuoroan
810;810;MAORI
811;813;HAWAIIAN
811;812;Native Hawaiian
811;811;HAWAIIAN
811;811;Mixed Hawaiian
813;813;PART HAWAIIAN
814;814;SAMOAN
814;814;Samoa
815;815;TONGAN
815;815;Tonga
816;816;TOKELAUAN
816;816;Tokelau Islander
817;817;COOK ISLANDER
818;818;TAHITIAN
818;818;French Polynesia
818;818;Society Islander
819;819;NIUEAN
820;820;MICRONESIAN
820;820;Micronesia Islander
820;820;U.S. Trust Territory of the Pacific
821;822;GUAMANIAN
821;821;GUAMANIAN
821;821;Guam
822;822;CHAMORRO ISLANDER
823;823;SAIPANESE
823;823;Northern Marianas Islander
823;823;Saipan Islander
824;824;PALAUAN
825;825;MARSHALLESE
825;825;Marshall Islander
826;826;KOSRAEAN
827;827;PONAPEAN (POHNPEIAN)
827;827;Mokilese
827;827;Ngatikese
827;827;Pingelapese
828;828;TRUKESE (CHUUKESE)
828;828;Hall Islander
828;828;Mortlockese
828;828;Namanouito
828;828;Pulapese
828;828;Pulasukese
828;828;Pulawatese
828;828;Tamatamian
828;828;Ulul
829;829;YAPESE
830;830;CAROLINIAN
830;830;Eauripikese
830;830;Faisian
830;830;Ifalukese
830;830;Lamotrekese
830;830;Satawalese
830;830;Ulithian
830;830;Woleaian
831;831;KIRIBATESE
831;831;Gilbertese
832;833;NAURUAN
832;832;NAURUAN
833;833;TARAWA ISLANDER
834;839;TINIAN
840;840;MELANESIAN
841;842;FIJIAN
841;842;Fiji
843;844;NEW GUINEAN
843;843;NEW GUINEAN
844;844;PAPUAN
845;845;SOLOMON ISLANDER
845;845;British Solomons
846;846;NEW CALEDONIAN
847;849;VANUATUAN
847;849;Ni Vanuatu
847;847;New Hebrides Islander
850;859;PACIFIC ISLANDER
850;859;Wake Islander
850;850;Campbell Islander
850;850;Christmas Islander
850;850;Kermadec Islander
850;850;Midway Islander
850;850;Phoenix Islander
860;860;PACIFIC
860;860;Oceania
861;861;PART-SAMOAN
861;861;See SAMOAN (code 814)
862;862;CHAMOLINIAN
863;899;RESERVE CODE
864;864;RESERVE CODE 1
865;865;RESERVE CODE 2
866;866;RESERVE CODE 3
867;867;RESERVE CODE 4
868;868;RESERVE CODE 5
869;869;RESERVE CODE 6
870;870;RESERVE CODE 7
871;871;RESERVE CODE 8
872;872;RESERVE CODE 9
873;873;RESERVE CODE 10
874;874;RESERVE CODE 11
875;875;RESERVE CODE 12
876;876;RESERVE CODE 13
877;877;RESERVE CODE 14
878;878;RESERVE CODE 15
879;879;RESERVE CODE 16
880;880;RESERVE CODE 17
881;881;RESERVE CODE 18
882;882;RESERVE CODE 19
883;883;RESERVE CODE 20
884;884;RESERVE CODE 21
885;885;RESERVE CODE 22
886;886;RESERVE CODE 23
887;887;RESERVE CODE 24
888;888;RESERVE CODE 25
889;889;RESERVE CODE 26
890;890;RESERVE CODE 27
891;891;RESERVE CODE 28
892;892;RESERVE CODE 29
893;893;RESERVE CODE 30
894;894;RESERVE CODE 31
895;895;RESERVE CODE 32
896;896;RESERVE CODE 33
897;897;RESERVE CODE 34
898;898;RESERVE CODE 35
899;899;RESERVE CODE 36
900;994;NORTH AMERICA (EXCEPT HISPANIC)
900;912;AFRICAN AMERICAN
900;900;AFRO AMERICAN
901;901;AFRO
902;902;AFRICAN AMERICAN
903;903;BLACK
904;904;NEGRO
905;905;NONWHITE
906;906;COLORED
906;906;Bilalian
906;906;Nigritian
907;907;CREOLE
908;912;MULATTO
913;923;NATIVE AMERICAN
913;913;CENTRAL AMERICAN INDIAN
914;918;SOUTH AMERICAN INDIAN
919;919;CHEROKEE
920;920;AMERICAN INDIAN
921;921;ALEUT
922;922;ESKIMO
923;923;INUIT
924;928;WHITE
924;924;WHITE
924;924;Caucasian
925;926;Wasp
925;925;ANGLO
925;925;Swamp Yankee
927;927;APPALACHIAN
927;927;Hillbilly
928;928;ARYAN
929;929;PENNSYLVANIA GERMAN
929;929;Amish
929;929;Pennsylvania Dutch
929;929;Mennonite
929;929;Hutterite
930;930;GREENLANDER
931;934;CANADIAN
931;932;Yukon
931;931;CANADIAN
931;931;Albertan
931;931;British Columbia
931;931;Canada
931;931;Labrador
931;931;Manitoba
931;931;New Brunswick
931;931;Ontario
931;931;Prince Edward Islander
931;931;Saskatchewan
933;933;NEWFOUNDLAND
934;934;NOVA SCOTIA
935;935;FRENCH CANADIAN
935;935;Canadien
935;935;Franco American
935;935;Quebec
935;935;Quebecois
936;938;ACADIAN/CAJUN
936;936;ACADIAN
936;936;Acadia
937;938;CAJUN
939;939;AMERICAN
940;992;UNITED STATES
940;940;UNITED STATES
941;941;ALABAMA
942;942;ALASKA
943;943;ARIZONA
944;944;ARKANSAS
945;945;CALIFORNIA
946;946;COLORADO
947;947;CONNECTICUT
948;948;DISTRICT OF COLUMBIA
949;949;DELAWARE
950;950;FLORIDA
951;951;IDAHO
952;952;ILLINOIS
953;953;INDIANA
954;954;IOWA
955;955;KANSAS
956;956;KENTUCKY
957;957;LOUISIANA
958;958;MAINE
959;959;MARYLAND
960;960;MASSACHUSETTS
961;961;MICHIGAN
962;962;MINNESOTA
963;963;MISSISSIPPI
964;964;MISSOURI
965;965;MONTANA
966;966;NEBRASKA
967;967;NEVADA
968;968;NEW HAMPSHIRE
969;969;NEW JERSEY
970;970;NEW MEXICO
971;971;NEW YORK
972;972;NORTH CAROLINA
973;973;NORTH DAKOTA
974;975;OHIO
976;976;OKLAHOMA
977;977;OREGON
978;978;PENNSYLVANIA
979;979;RHODE ISLAND
980;980;SOUTH CAROLINA
981;981;SOUTH DAKOTA
982;982;TENNESSEE
983;983;TEXAS
984;984;UTAH
985;985;VERMONT
986;986;VIRGINIA
987;987;WASHINGTON
988;988;WEST VIRGINIA
989;989;WISCONSIN
990;990;WYOMING
991;992;GEORGIA
993;993;SOUTHERNER
994;994;NORTH AMERICAN
994;994;North America
995;999;RESIDUAL AND NO RESPONSE
995;995;MIXTURE
996;997;UNCODABLE ENTRIES
998;998;OTHER RESPONSES
998;998;Adventist
998;998;Agnostic
998;998;Apostolic
998;998;Ashkenazim Jew
998;998;Atheist
998;998;Bahai
998;998;Baptist
998;998;Brethren
998;998;Buddhist
998;998;Catholic
998;998;Christian
998;998;Christian Scientist
998;998;Congregationalist
998;998;Episcopal
998;998;Evangelist
998;998;Hebrew
998;998;Holiness
998;998;Islam
998;998;Jain
998;998;Jehovahs Witnesses
998;998;Jewish
998;998;Latter Day Saints
998;998;Lutheran
998;998;Methodist
998;998;Mormon
998;998;Muslim
998;998;Orthodox
998;998;Pentecostal
998;998;Presbyterian
998;998;Protestant
998;998;Quaker
998;998;Roman Catholic
998;998;Salvation Army
998;998;Sephardic
998;998;Seventh Day Adventist
998;998;Shiite
998;998;Unitarian
998;998;Yiddish
998;998;Zoroastrian
999;999;NOT REPORTED
